Feature,Importance
numerical__Communication_Skills,0.30760430339458505
numerical__Backlogs,0.1758176150634178
numerical__CGPA,0.1578233014647707
numerical__Projects,0.10796539002923393
numerical__Coding_Skills,0.0868309849576837
numerical__Certifications,0.07153662585431549
numerical__Aptitude_Test_Score,0.06517683465003088
numerical__Internships,0.011822417652041822
numerical__Age,0.003410843717948141
numerical__Soft_Skills_Rating,0.003327559882737595
categorical__Branch_Civil,0.0012470638950397243
categorical__Branch_CSE,0.001201816064854652
categorical__Branch_IT,0.0007335421234599483
categorical__Degree_B.Tech,0.0007240993578898547
categorical__Gender_Female,0.0007222530404962279
categorical__Degree_BCA,0.000708575033112879
categorical__Degree_B.Sc,0.0007039754955297816
categorical__Gender_Male,0.0006926295638396657
categorical__Degree_MCA,0.000677999114443778
categorical__Branch_ME,0.0006720558008039969
categorical__Branch_ECE,0.0006001138437642595
